,STREET,PARTY,COUNT
0,"ENGLE DR, MCARTHUR",None,54
1,"ENGLE DR, MCARTHUR",R,24
2,"ENGLE DR, MCARTHUR",D,6
3,"PONETOWN RD, RAY",R,22
4,"PONETOWN RD, RAY",None,42
5,"HEADLEY RD, RAY",R,7
6,"HEADLEY RD, RAY",None,7
7,"CHILLICOTHE ST, HAMDEN",R,4
8,"CHILLICOTHE ST, HAMDEN",None,23
9,"CHILLICOTHE ST, HAMDEN",D,2
10,"N BROADWAY, ZALESKI",R,9
11,"N BROADWAY, ZALESKI",None,6
12,"N BROADWAY, ZALESKI",D,3
13,"VANDYKE RD, NEW MARSHFIELD",R,2
14,"VANDYKE RD, NEW MARSHFIELD",None,9
15,"VANDYKE RD, NEW MARSHFIELD",D,4
16,"ERICKSON RD, RADCLIFF",R,1
17,"HAGERTY RD, MCARTHUR",None,6
18,"HAGERTY RD, MCARTHUR",R,2
19,"HAGERTY RD, MCARTHUR",D,3
20,"W HIGH ST, MCARTHUR",None,31
21,"W HIGH ST, MCARTHUR",R,19
22,"W HIGH ST, MCARTHUR",D,3
23,"ST RT 56, CREOLA",None,15
24,"ST RT 56, CREOLA",R,8
25,"DUNKLE CREEK RD, CREOLA",R,16
26,"DUNKLE CREEK RD, CREOLA",None,22
27,"DUNKLE CREEK RD, CREOLA",D,1
28,"CREOLA RD, CREOLA",R,10
29,"CREOLA RD, CREOLA",None,6
30,"CREOLA RD, CREOLA",D,1
31,"WEAVER CHURCH RD, ALBANY",None,2
32,"WEAVER CHURCH RD, ALBANY",D,1
33,"ST RT 160, HAMDEN",D,7
34,"ST RT 160, HAMDEN",R,19
35,"ST RT 160, HAMDEN",None,54
36,"WOLF HILL RD, MCARTHUR",R,37
37,"WOLF HILL RD, MCARTHUR",None,72
38,"WOLF HILL RD, MCARTHUR",D,6
39,"SHEETS MCCOY RD, NEW PLYMOUTH",None,28
40,"SHEETS MCCOY RD, NEW PLYMOUTH",D,3
41,"SHEETS MCCOY RD, NEW PLYMOUTH",R,5
42,"ST RT 327, LONDONDERRY",None,117
43,"ST RT 327, LONDONDERRY",D,11
44,"ST RT 327, LONDONDERRY",R,33
45,"E CENTRAL AVE, HAMDEN",D,1
46,"E CENTRAL AVE, HAMDEN",None,15
47,"E CENTRAL AVE, HAMDEN",R,6
48,"BRAY HOLLOW RD, MCARTHUR",R,4
49,"BRAY HOLLOW RD, MCARTHUR",None,14
50,"US HIGHWAY 50, MCARTHUR",R,73
51,"US HIGHWAY 50, MCARTHUR",None,180
52,"US HIGHWAY 50, MCARTHUR",D,28
53,"ST RT 93, HAMDEN",None,69
54,"ST RT 93, HAMDEN",R,40
55,"ST RT 93, HAMDEN",D,13
56,"TWO MILE RD, NEW PLYMOUTH",None,29
57,"TWO MILE RD, NEW PLYMOUTH",R,8
58,"TWO MILE RD, NEW PLYMOUTH",D,2
59,"LIVELY RIDGE RD, ALBANY",R,10
60,"LIVELY RIDGE RD, ALBANY",None,11
61,"LIVELY RIDGE RD, ALBANY",D,8
62,"WHEELABOUT RD, MCARTHUR",R,8
63,"WHEELABOUT RD, MCARTHUR",None,18
64,"CARPENTER RD, RAY",R,11
65,"CARPENTER RD, RAY",None,27
66,"CARPENTER RD, RAY",D,3
67,"S FIRST ST, ZALESKI",D,5
68,"S FIRST ST, ZALESKI",R,9
69,"S FIRST ST, ZALESKI",None,8
70,"MCARTHUR AVE, MCARTHUR",R,8
71,"MCARTHUR AVE, MCARTHUR",None,8
72,"MCARTHUR AVE, MCARTHUR",D,2
73,"MAPLE DR, MCARTHUR",D,2
74,"MAPLE DR, MCARTHUR",None,9
75,"MAPLE DR, MCARTHUR",R,3
76,"THOMPSONVILLE RD, RADCLIFF",D,1
77,"THOMPSONVILLE RD, RADCLIFF",R,3
78,"THOMPSONVILLE RD, RADCLIFF",None,3
79,"ST RT 93, WELLSTON",R,4
80,"ST RT 93, WELLSTON",D,1
81,"ST RT 93, WELLSTON",None,1
82,"N SPRING ST, MCARTHUR",D,1
83,"N SPRING ST, MCARTHUR",None,9
84,"N SPRING ST, MCARTHUR",R,2
85,"BAY RD, HAMDEN",D,1
86,"BAY RD, HAMDEN",None,1
87,"N BUFFALO ST, HAMDEN",D,2
88,"N BUFFALO ST, HAMDEN",R,4
89,"N BUFFALO ST, HAMDEN",None,8
90,"CARPENTER RD, MCARTHUR",R,6
91,"CARPENTER RD, MCARTHUR",None,6
92,"CARPENTER RD, MCARTHUR",D,1
93,"DEPUE RD, MCARTHUR",D,2
94,"DEPUE RD, MCARTHUR",None,21
95,"DEPUE RD, MCARTHUR",R,13
96,"ST RT 671, LONDONDERRY",R,11
97,"ST RT 671, LONDONDERRY",None,18
98,"ST RT 671, LONDONDERRY",D,1
99,"UNION RIDGE RD, ALBANY",R,18
100,"UNION RIDGE RD, ALBANY",None,42
101,"UNION RIDGE RD, ALBANY",D,7
102,"N BOUNDARY AVE, MCARTHUR",R,22
103,"N BOUNDARY AVE, MCARTHUR",D,3
104,"N BOUNDARY AVE, MCARTHUR",None,21
105,"CIRCLE DR, MCARTHUR",R,8
106,"CIRCLE DR, MCARTHUR",D,4
107,"CIRCLE DR, MCARTHUR",None,17
108,"W MAIN ST, MCARTHUR",R,18
109,"W MAIN ST, MCARTHUR",D,6
110,"W MAIN ST, MCARTHUR",None,28
111,"ST RT 93 N, MCARTHUR",None,49
112,"ST RT 93 N, MCARTHUR",R,37
113,"ST RT 93 N, MCARTHUR",D,7
114,"WOODGEARD RD, CREOLA",None,28
115,"WOODGEARD RD, CREOLA",R,13
116,"WOODGEARD RD, CREOLA",D,5
117,"W SOUTH ST, MCARTHUR",R,17
118,"W SOUTH ST, MCARTHUR",None,32
119,"W SOUTH ST, MCARTHUR",D,5
120,"MADISON AVE, MCARTHUR",D,8
121,"MADISON AVE, MCARTHUR",R,20
122,"MADISON AVE, MCARTHUR",None,8
123,"N MCKINNIS AVE, HAMDEN",None,18
124,"N MCKINNIS AVE, HAMDEN",R,6
125,"POWDER PLANT RD, MCARTHUR",R,24
126,"POWDER PLANT RD, MCARTHUR",None,26
127,"POWDER PLANT RD, MCARTHUR",D,6
128,"GARRETT RIDGE RD, MCARTHUR",None,23
129,"GARRETT RIDGE RD, MCARTHUR",R,30
130,"GARRETT RIDGE RD, MCARTHUR",D,12
131,"SHORT ST, MCARTHUR",R,9
132,"SHORT ST, MCARTHUR",None,3
133,"SHORT ST, MCARTHUR",D,1
134,"FRENCH RD, LONDONDERRY",None,8
135,"FRENCH RD, LONDONDERRY",R,3
136,"W MILL ST, MCARTHUR",R,14
137,"W MILL ST, MCARTHUR",None,37
138,"W MILL ST, MCARTHUR",D,4
139,"ST RT 683, MCARTHUR",R,67
140,"ST RT 683, MCARTHUR",None,118
141,"ST RT 683, MCARTHUR",D,20
142,"GEARING RIDGE RD, LONDONDERRY",None,9
143,"GEARING RIDGE RD, LONDONDERRY",R,2
144,"MAIN ST, ZALESKI",None,10
145,"MAIN ST, ZALESKI",R,2
146,"BETHEL RD, NEW PLYMOUTH",None,9
147,"BETHEL RD, NEW PLYMOUTH",R,7
148,"BETHEL RD, NEW PLYMOUTH",D,3
149,"CREEK RD, MCARTHUR",D,5
150,"CREEK RD, MCARTHUR",None,10
151,"CREEK RD, MCARTHUR",R,2
152,"S MAIN, HAMDEN",None,26
153,"S MAIN, HAMDEN",D,7
154,"S MAIN, HAMDEN",R,10
155,"MOUND HILL RD, ALBANY",R,11
156,"MOUND HILL RD, ALBANY",None,24
157,"LOG PILE RD, RAY",None,9
158,"LOG PILE RD, RAY",R,2
159,"MURPHY RD, MCARTHUR",R,12
160,"MURPHY RD, MCARTHUR",None,30
161,"MORGAN RD, MCARTHUR",R,17
162,"MORGAN RD, MCARTHUR",None,31
163,"MORGAN RD, MCARTHUR",D,4
164,"PIERCE RD, RADCLIFF",R,1
165,"PIERCE RD, RADCLIFF",None,7
166,"PIERCE RD, RADCLIFF",D,1
167,"TURNER RD, RAY",None,4
168,"RADCLIFF ST, RADCLIFF",None,5
169,"RADCLIFF ST, RADCLIFF",R,1
170,"RADCLIFF ST, RADCLIFF",D,2
171,"MOUNT OLIVE RD, MCARTHUR",R,29
172,"MOUNT OLIVE RD, MCARTHUR",None,40
173,"MOUNT OLIVE RD, MCARTHUR",D,8
174,"MOUNT OLIVE RD, MCARTHUR",L,1
175,"FITZPATRICK RD, RADCLIFF",R,6
176,"FITZPATRICK RD, RADCLIFF",None,11
177,"FITZPATRICK RD, RADCLIFF",D,1
178,"KNOX RD, RADCLIFF",None,12
179,"KNOX RD, RADCLIFF",R,8
180,"KNOX RD, RADCLIFF",D,4
181,"NORTH RUN RD, ALBANY",R,5
182,"NORTH RUN RD, ALBANY",D,2
183,"NORTH RUN RD, ALBANY",None,5
184,"RANDERSON RD, MCARTHUR",R,5
185,"RANDERSON RD, MCARTHUR",None,10
186,"RANDERSON RD, MCARTHUR",D,6
187,"EAST FORK RD, LAURELVILLE",None,24
188,"EAST FORK RD, LAURELVILLE",R,6
189,"EAST FORK RD, LAURELVILLE",D,1
190,"ST RT 56, NEW PLYMOUTH",None,35
191,"ST RT 56, NEW PLYMOUTH",R,25
192,"ST RT 56, NEW PLYMOUTH",D,4
193,"INFIRMARY RD, MCARTHUR",D,4
194,"INFIRMARY RD, MCARTHUR",R,24
195,"INFIRMARY RD, MCARTHUR",None,12
196,"ST RT 160, VINTON",R,15
197,"ST RT 160, VINTON",None,21
198,"ST RT 160, VINTON",D,1
199,"MINERTON CHAPEL RD, VINTON",None,11
200,"MINERTON CHAPEL RD, VINTON",D,1
201,"BLEDSOE RD, RAY",None,13
202,"BLEDSOE RD, RAY",R,7
203,"DEPUE RD, HAMDEN",D,6
204,"DEPUE RD, HAMDEN",R,2
205,"DEPUE RD, HAMDEN",None,6
206,"SAM RUSSELL RD, HAMDEN",None,46
207,"SAM RUSSELL RD, HAMDEN",R,14
208,"SAM RUSSELL RD, HAMDEN",D,3
209,"S MARKET ST, MCARTHUR",R,23
210,"S MARKET ST, MCARTHUR",D,7
211,"S MARKET ST, MCARTHUR",None,55
212,"ST RT 356, NEW MARSHFIELD",None,9
213,"ST RT 356, NEW MARSHFIELD",D,3
214,"ST RT 356, NEW MARSHFIELD",R,4
215,"S BUFFALO ST, HAMDEN",R,5
216,"S BUFFALO ST, HAMDEN",None,11
217,"LOCUST GROVE RD, MCARTHUR",None,44
218,"LOCUST GROVE RD, MCARTHUR",R,29
219,"LOCUST GROVE RD, MCARTHUR",D,6
220,"S HIGH ST, WILKESVILLE",None,5
221,"US HIGHWAY 50, ALBANY",R,15
222,"US HIGHWAY 50, ALBANY",None,7
223,"US HIGHWAY 50, ALBANY",D,2
224,"CHURCH ST, HAMDEN",D,2
225,"CHURCH ST, HAMDEN",None,24
226,"CHURCH ST, HAMDEN",R,7
227,"MINERTON RD, VINTON",R,9
228,"MINERTON RD, VINTON",None,19
229,"MINERTON RD, VINTON",D,2
230,"HAWK STATION RD, VINTON",None,37
231,"HAWK STATION RD, VINTON",R,13
232,"HAWK STATION RD, VINTON",D,3
233,"STAPLETON RD, VINTON",None,9
234,"MT ZION RD, MCARTHUR",R,16
235,"MT ZION RD, MCARTHUR",None,14
236,"MT ZION RD, MCARTHUR",D,5
237,"LIPSCOMB RD, LONDONDERRY",D,1
238,"LIPSCOMB RD, LONDONDERRY",None,10
239,"LIPSCOMB RD, LONDONDERRY",R,2
240,"SIVERLY CREEK RD, MCARTHUR",None,61
241,"SIVERLY CREEK RD, MCARTHUR",R,44
242,"SIVERLY CREEK RD, MCARTHUR",D,10
243,"MILLER AVE, HAMDEN",D,4
244,"MILLER AVE, HAMDEN",R,4
245,"MILLER AVE, HAMDEN",None,7
246,"N PEARL ST, MCARTHUR",None,29
247,"N PEARL ST, MCARTHUR",R,8
248,"N PEARL ST, MCARTHUR",D,7
249,"CURRY RD, MCARTHUR",None,21
250,"CURRY RD, MCARTHUR",R,7
251,"CURRY RD, MCARTHUR",D,2
252,"W NORTH ST, MCARTHUR",None,9
253,"W NORTH ST, MCARTHUR",R,1
254,"W NORTH ST, MCARTHUR",D,1
255,"AUTA AVE, HAMDEN",None,14
256,"AUTA AVE, HAMDEN",R,2
257,"AUTA AVE, HAMDEN",D,2
258,"OLD MCARTHUR RD, MCARTHUR",R,11
259,"OLD MCARTHUR RD, MCARTHUR",None,13
260,"OLD MCARTHUR RD, MCARTHUR",D,3
261,"PRATTSVILLE RD, MCARTHUR",D,3
262,"PRATTSVILLE RD, MCARTHUR",None,18
263,"PRATTSVILLE RD, MCARTHUR",R,15
264,"MURPHY REMY RD, RAY",None,5
265,"MURPHY REMY RD, RAY",R,2
266,"GOOSECREEK RD, MCARTHUR",R,38
267,"GOOSECREEK RD, MCARTHUR",None,51
268,"GOOSECREEK RD, MCARTHUR",D,5
269,"CRESCENT ST, ZALESKI",D,2
270,"CRESCENT ST, ZALESKI",None,5
271,"CRESCENT ST, ZALESKI",R,2
272,"BOLAR RD, MCARTHUR",D,8
273,"BOLAR RD, MCARTHUR",None,53
274,"BOLAR RD, MCARTHUR",R,21
275,"E NORTH ST, MCARTHUR",R,22
276,"E NORTH ST, MCARTHUR",L,1
277,"E NORTH ST, MCARTHUR",D,4
278,"E NORTH ST, MCARTHUR",None,42
279,"OWINGS RD, MCARTHUR",None,10
280,"OWINGS RD, MCARTHUR",R,2
281,"OWINGS RD, MCARTHUR",D,3
282,"ST RT 160, RADCLIFF",None,35
283,"ST RT 160, RADCLIFF",R,7
284,"ST RT 160, RADCLIFF",D,4
285,"MAYNARD RD, ALBANY",R,3
286,"MAYNARD RD, ALBANY",None,1
287,"N MARKET ST, MCARTHUR",R,32
288,"N MARKET ST, MCARTHUR",None,79
289,"N MARKET ST, MCARTHUR",D,7
290,"HART RIDGE RD, MCARTHUR",None,22
291,"HART RIDGE RD, MCARTHUR",R,3
292,"BORING RD, CREOLA",R,4
293,"BORING RD, CREOLA",None,9
294,"ST RT 93 S, CREOLA",None,24
295,"ST RT 93 S, CREOLA",R,18
296,"ST RT 93 S, CREOLA",D,3
297,"VINTON STATION RD, MCARTHUR",R,19
298,"VINTON STATION RD, MCARTHUR",None,15
299,"VINTON STATION RD, MCARTHUR",D,1
300,"WOODFIELD DR, NEW PLYMOUTH",R,5
301,"WOODFIELD DR, NEW PLYMOUTH",None,5
302,"KOTTCAMP RD, HAMDEN",None,6
303,"KOTTCAMP RD, HAMDEN",R,2
304,"KOTTCAMP RD, HAMDEN",D,3
305,"LOCUST GROVE RD, CREOLA",None,24
306,"LOCUST GROVE RD, CREOLA",R,9
307,"LOCUST GROVE RD, CREOLA",D,3
308,"ST RT 124, LANGSVILLE",None,6
309,"ST RT 124, LANGSVILLE",R,2
310,"OAK ST, MCARTHUR",None,9
311,"OAK ST, MCARTHUR",R,2
312,"OLD RT 50, LONDONDERRY",None,88
313,"OLD RT 50, LONDONDERRY",R,49
314,"OLD RT 50, LONDONDERRY",D,7
315,"PRETTY RUN RD, MCARTHUR",None,17
316,"PRETTY RUN RD, MCARTHUR",R,14
317,"PRETTY RUN RD, MCARTHUR",D,10
318,"ST RT 328, NEW PLYMOUTH",R,9
319,"ST RT 328, NEW PLYMOUTH",None,24
320,"ST RT 328, NEW PLYMOUTH",D,1
321,"KELLY RD, RAY",None,55
322,"KELLY RD, RAY",R,27
323,"KELLY RD, RAY",D,5
324,"AIRPORT RD, NEW PLYMOUTH",None,21
325,"AIRPORT RD, NEW PLYMOUTH",R,2
326,"AIRPORT RD, NEW PLYMOUTH",D,1
327,"JANE DR, MCARTHUR",None,2
328,"JANE DR, MCARTHUR",R,3
329,"PEACOCK RD, MCARTHUR",None,2
330,"PEACOCK RD, MCARTHUR",R,3
331,"ALDER RD, MCARTHUR",R,7
332,"ALDER RD, MCARTHUR",None,1
333,"SOHIO DR, MCARTHUR",R,5
334,"SOHIO DR, MCARTHUR",None,2
335,"SOHIO DR, MCARTHUR",D,1
336,"ZION RD, HAMDEN",R,9
337,"ZION RD, HAMDEN",None,40
338,"ZION RD, HAMDEN",D,1
339,"S SUGAR ST, MCARTHUR",None,10
340,"S SUGAR ST, MCARTHUR",D,1
341,"S SUGAR ST, MCARTHUR",R,2
342,"MCARTHUR PARK DR, MCARTHUR",R,9
343,"MCARTHUR PARK DR, MCARTHUR",None,28
344,"MCARTHUR PARK DR, MCARTHUR",D,6
345,"E RACCOON RD, MCARTHUR",R,2
346,"US HIGHWAY 50, RAY",R,5
347,"US HIGHWAY 50, RAY",None,10
348,"US HIGHWAY 50, RAY",D,1
349,"HAWK STATION RD, WELLSTON",D,5
350,"HAWK STATION RD, WELLSTON",None,16
351,"HAWK STATION RD, WELLSTON",R,3
352,"N MAIN ST, HAMDEN",None,26
353,"N MAIN ST, HAMDEN",R,9
354,"N MAIN ST, HAMDEN",D,2
355,"THACKER AVE, HAMDEN",D,2
356,"THACKER AVE, HAMDEN",R,4
357,"THACKER AVE, HAMDEN",None,9
358,"S BOUNDARY AVE, MCARTHUR",None,3
359,"BROOKS MARTIN RD, MCARTHUR",None,23
360,"BROOKS MARTIN RD, MCARTHUR",R,15
361,"BROOKS MARTIN RD, MCARTHUR",D,3
362,"SNYDER RD, NEW PLYMOUTH",R,2
363,"SNYDER RD, NEW PLYMOUTH",None,7
364,"ST RT 278, MCARTHUR",None,19
365,"ST RT 278, MCARTHUR",R,8
366,"ST RT 278, MCARTHUR",D,6
367,"PUTNAM CHAPEL RD, MCARTHUR",None,6
368,"PUTNAM CHAPEL RD, MCARTHUR",R,3
369,"PUTNAM CHAPEL RD, MCARTHUR",D,1
370,"GRAVES RD, LONDONDERRY",D,1
371,"GRAVES RD, LONDONDERRY",None,17
372,"GRAVES RD, LONDONDERRY",R,8
373,"CREOLA CEMETERY RD, CREOLA",None,15
374,"CREOLA CEMETERY RD, CREOLA",R,4
375,"CREOLA CEMETERY RD, CREOLA",D,3
376,"NICKELLS LN, MCARTHUR",R,3
377,"DUNCAN SQ, MCARTHUR",None,16
378,"DUNCAN SQ, MCARTHUR",R,1
379,"MALVERN DR, HAMDEN",None,2
380,"LAKE RD, HAMDEN",R,6
381,"LAKE RD, HAMDEN",None,10
382,"LAKE RD, HAMDEN",D,1
383,"WILKESVILLE ST, HAMDEN",None,18
384,"WILKESVILLE ST, HAMDEN",R,16
385,"WILKESVILLE ST, HAMDEN",D,9
386,"FRONT ST, HAMDEN",R,1
387,"FRONT ST, HAMDEN",None,5
388,"MOORE RD, NEW PLYMOUTH",R,3
389,"MOORE RD, NEW PLYMOUTH",None,1
390,"WILT RD, LONDONDERRY",None,18
391,"WILT RD, LONDONDERRY",R,6
392,"MURPHY REMY RD, MCARTHUR",R,25
393,"MURPHY REMY RD, MCARTHUR",None,33
394,"FOUT RD, LONDONDERRY",None,12
395,"FOUT RD, LONDONDERRY",D,3
396,"FOUT RD, LONDONDERRY",R,8
397,"ROWLAND RD, HAMDEN",R,21
398,"ROWLAND RD, HAMDEN",None,13
399,"GREY RD, VINTON",None,11
400,"GREY RD, VINTON",D,2
401,"GREY RD, VINTON",R,3
402,"N FIRST ST, ZALESKI",R,3
403,"N FIRST ST, ZALESKI",None,8
404,"ASHMORE RD, MCARTHUR",None,10
405,"ASHMORE RD, MCARTHUR",R,6
406,"BEECHGROVE RD, LONDONDERRY",None,28
407,"BEECHGROVE RD, LONDONDERRY",D,6
408,"BEECHGROVE RD, LONDONDERRY",R,9
409,"STEVENS BRANCH RD, LONDONDERRY",None,9
410,"STEVENS BRANCH RD, LONDONDERRY",R,5
411,"STEVENS BRANCH RD, LONDONDERRY",D,2
412,"HICKORY ST, ZALESKI",D,6
413,"HICKORY ST, ZALESKI",None,4
414,"HICKORY ST, ZALESKI",R,3
415,"E MAIN ST, MCARTHUR",None,16
416,"E MAIN ST, MCARTHUR",R,6
417,"DONAHUE RD, VINTON",None,14
418,"DONAHUE RD, VINTON",R,3
419,"DONAHUE RD, VINTON",D,1
420,"ELM ST, HAMDEN",R,3
421,"ELM ST, HAMDEN",None,12
422,"EAGLE MILLS RD, LONDONDERRY",R,7
423,"EAGLE MILLS RD, LONDONDERRY",None,26
424,"EAGLE MILLS RD, LONDONDERRY",D,1
425,"FRAZEE LN, MCARTHUR",None,21
426,"FRAZEE LN, MCARTHUR",R,11
427,"OLD STATE RD, MCARTHUR",R,11
428,"OLD STATE RD, MCARTHUR",D,3
429,"OLD STATE RD, MCARTHUR",None,10
430,"LAKEVIEW RD, HAMDEN",R,6
431,"LAKEVIEW RD, HAMDEN",D,2
432,"LAKEVIEW RD, HAMDEN",None,6
433,"PUMPKIN RIDGE RD, NEW PLYMOUTH",None,21
434,"PUMPKIN RIDGE RD, NEW PLYMOUTH",R,14
435,"PUMPKIN RIDGE RD, NEW PLYMOUTH",D,5
436,"SHEA RD, MCARTHUR",None,2
437,"SECOND ST, HAMDEN",None,10
438,"ST RT 324, HAMDEN",R,21
439,"ST RT 324, HAMDEN",None,36
440,"ST RT 324, HAMDEN",D,7
441,"HARKINS CHAPEL RD, ALBANY",None,26
442,"HARKINS CHAPEL RD, ALBANY",R,10
443,"HARKINS CHAPEL RD, ALBANY",D,4
444,"MAPLE ST, MCARTHUR",None,8
445,"MAPLE ST, MCARTHUR",D,1
446,"NORTH FAIRVIEW RD, LOGAN",R,9
447,"NORTH FAIRVIEW RD, LOGAN",None,10
448,"NORTH FAIRVIEW RD, LOGAN",D,1
449,"E MILL ST, MCARTHUR",None,13
450,"E MILL ST, MCARTHUR",D,1
451,"CLARION RD, VINTON",R,3
452,"CLARION RD, VINTON",None,7
453,"CLARION RD, VINTON",D,3
454,"LOCKER PLANT RD, MCARTHUR",None,40
455,"LOCKER PLANT RD, MCARTHUR",R,14
456,"LOCKER PLANT RD, MCARTHUR",D,6
457,"ZIMMERMAN RD, ALBANY",None,12
458,"ZIMMERMAN RD, ALBANY",D,4
459,"ZIMMERMAN RD, ALBANY",R,2
460,"NORTHVIEW RD, MCARTHUR",R,6
461,"NORTHVIEW RD, MCARTHUR",D,3
462,"NORTHVIEW RD, MCARTHUR",None,9
463,"N TOWN ST, WILKESVILLE",R,3
464,"N TOWN ST, WILKESVILLE",None,7
465,"CLARY RD, LONDONDERRY",None,12
466,"CLARY RD, LONDONDERRY",R,6
467,"MCGEE RD, SOUTH BLOOMINGVILLE",None,4
468,"MCGEE RD, SOUTH BLOOMINGVILLE",R,1
469,"W JUNCTION RD, RAY",None,7
470,"W JUNCTION RD, RAY",R,5
471,"W JUNCTION RD, RAY",D,1
472,"JAMISON RD, ZALESKI",R,3
473,"N WALNUT ST, MCARTHUR",None,14
474,"N WALNUT ST, MCARTHUR",R,7
475,"JOHN ST, ZALESKI",None,10
476,"JOHN ST, ZALESKI",R,2
477,"JOHN ST, ZALESKI",D,1
478,"ST RT 328, MCARTHUR",None,13
479,"ST RT 328, MCARTHUR",D,2
480,"ST RT 328, MCARTHUR",R,4
481,"MORRIS RD, VINTON",None,1
482,"MORRIS RD, VINTON",R,1
483,"BUNKER HILL RD, MCARTHUR",None,35
484,"BUNKER HILL RD, MCARTHUR",R,9
485,"BUNKER HILL RD, MCARTHUR",D,3
486,"MALONE RD, RADCLIFF",None,15
487,"MALONE RD, RADCLIFF",R,2
488,"COTTRILL RD, RADCLIFF",R,3
489,"COTTRILL RD, RADCLIFF",None,9
490,"COTTRILL RD, RADCLIFF",D,2
491,"VETERANS MEMORIAL DR, MCARTHUR",None,22
492,"VETERANS MEMORIAL DR, MCARTHUR",D,1
493,"VETERANS MEMORIAL DR, MCARTHUR",R,4
494,"HUTT RD, RAY",None,4
495,"HUTT RD, RAY",D,2
496,"VINTON AVE, MCARTHUR",R,8
497,"VINTON AVE, MCARTHUR",None,5
498,"RUNYON RD, RADCLIFF",R,1
499,"PELFREY RD, RAY",None,4
500,"HARPER LN, MCARTHUR",None,3
501,"LEMAY RD, ALBANY",None,4
502,"LEMAY RD, ALBANY",D,1
503,"COTTRILL RD, ALBANY",R,3
504,"COTTRILL RD, ALBANY",D,2
505,"PAINE ST, HAMDEN",None,14
506,"PAINE ST, HAMDEN",R,8
507,"PAINE ST, HAMDEN",D,1
508,"CLARK RD, RAY",None,23
509,"CLARK RD, RAY",R,10
510,"CLARK RD, RAY",D,1
511,"MCKEE RD, MCARTHUR",R,2
512,"MCKEE RD, MCARTHUR",None,3
513,"MCKEE RD, MCARTHUR",D,1
514,"VIRES RD, HAMDEN",None,4
515,"ST RT 327, LAURELVILLE",None,17
516,"ST RT 327, LAURELVILLE",D,2
517,"ST RT 327, LAURELVILLE",R,2
518,"MOLIHAN LN, RADCLIFF",None,2
519,"MOLIHAN LN, RADCLIFF",R,3
520,"S PEARL ST, MCARTHUR",None,9
521,"S PEARL ST, MCARTHUR",R,2
522,"COOPER RD, RADCLIFF",None,15
523,"COOPER RD, RADCLIFF",R,3
524,"COOPER RD, RADCLIFF",D,1
525,"HUSTON RD, RADCLIFF",None,8
526,"HUSTON RD, RADCLIFF",R,4
527,"HUSTON RD, RADCLIFF",D,1
528,"THOMPSON RD, RAY",None,10
529,"THOMPSON RD, RAY",D,6
530,"THOMPSON RD, RAY",R,12
531,"THOMPSON ST, MCARTHUR",None,22
532,"THOMPSON ST, MCARTHUR",D,2
533,"THOMPSON ST, MCARTHUR",R,6
534,"CLIPNER RD, LONDONDERRY",None,8
535,"CLIPNER RD, LONDONDERRY",R,3
536,"CLIPNER RD, LONDONDERRY",D,3
537,"FAIRVIEW AVE, MCARTHUR",None,11
538,"FAIRVIEW AVE, MCARTHUR",D,5
539,"FAIRVIEW AVE, MCARTHUR",R,4
540,"SCOTT AVE, HAMDEN",None,10
541,"SCOTT AVE, HAMDEN",R,3
542,"SCOTT AVE, HAMDEN",D,1
543,"PIERCE LEMAR, HAMDEN",None,6
544,"PIERCE LEMAR, HAMDEN",R,11
545,"PIERCE LEMAR, HAMDEN",D,1
546,"HENDERSON RD, RAY",None,13
547,"HENDERSON RD, RAY",R,4
548,"S MCKINNIS ST, HAMDEN",D,2
549,"S MCKINNIS ST, HAMDEN",None,2
550,"OVERVIEW DR, MCARTHUR",None,15
551,"OVERVIEW DR, MCARTHUR",R,5
552,"OVERVIEW DR, MCARTHUR",D,1
553,"E SOUTH ST, MCARTHUR",None,8
554,"E SOUTH ST, MCARTHUR",R,4
555,"E SOUTH ST, MCARTHUR",D,2
556,"E HIGH ST, MCARTHUR",None,23
557,"E HIGH ST, MCARTHUR",R,5
558,"E HIGH ST, MCARTHUR",D,5
559,"OLD ST RT 75, MCARTHUR",None,8
560,"OLD ST RT 75, MCARTHUR",R,1
561,"GENG RD, CREOLA",None,13
562,"GENG RD, CREOLA",R,10
563,"S SPRING ST, MCARTHUR",None,6
564,"S SPRING ST, MCARTHUR",R,4
565,"BECKNER DR, HAMDEN",None,7
566,"BECKNER DR, HAMDEN",R,5
567,"N SUGAR ST, MCARTHUR",None,13
568,"N SUGAR ST, MCARTHUR",R,6
569,"N SUGAR ST, MCARTHUR",D,2
570,"MARTINDILL RD, MCARTHUR",None,19
571,"MARTINDILL RD, MCARTHUR",R,21
572,"MARTINDILL RD, MCARTHUR",D,3
573,"WORRIX RD, MCARTHUR",None,4
574,"US HIGHWAY 50, LONDONDERRY",None,26
575,"US HIGHWAY 50, LONDONDERRY",D,3
576,"US HIGHWAY 50, LONDONDERRY",R,6
577,"MEEKSVILLE RD, MCARTHUR",None,29
578,"MEEKSVILLE RD, MCARTHUR",D,3
579,"MEEKSVILLE RD, MCARTHUR",R,15
580,"PRETTY RUN RD, SOUTH BLOOMINGVILLE",None,15
581,"PRETTY RUN RD, SOUTH BLOOMINGVILLE",R,9
582,"PRETTY RUN RD, SOUTH BLOOMINGVILLE",D,1
583,"OLD SHURTZ RD, NEW PLYMOUTH",R,2
584,"OLD SHURTZ RD, NEW PLYMOUTH",None,3
585,"ST RT 327, RAY",None,23
586,"ST RT 327, RAY",R,22
587,"ST RT 327, RAY",D,3
588,"OLD DIXON RD, MCARTHUR",R,13
589,"OLD DIXON RD, MCARTHUR",None,12
590,"OLD DIXON RD, MCARTHUR",D,2
591,"ENGLE ST, ZALESKI",R,1
592,"VINTON STATION RD, HAMDEN",None,8
593,"VINTON STATION RD, HAMDEN",R,2
594,"VINTON STATION RD, HAMDEN",D,1
595,"DIXON MILL RD, LONDONDERRY",None,3
596,"N SECOND ST, ZALESKI",None,8
597,"N SECOND ST, ZALESKI",R,9
598,"LOCUST ST, MCARTHUR",None,11
599,"LOCUST ST, MCARTHUR",R,4
600,"LYNWOOD DR, MCARTHUR",None,1
601,"LYNWOOD DR, MCARTHUR",R,1
602,"LYNWOOD DR, MCARTHUR",D,2
603,"STANTON AVE, HAMDEN",None,26
604,"STANTON AVE, HAMDEN",R,6
605,"STANTON AVE, HAMDEN",D,5
606,"CREOLA HUE RD, CREOLA",None,13
607,"CREOLA HUE RD, CREOLA",D,3
608,"CREOLA HUE RD, CREOLA",R,3
609,"1/2 S MARKET ST, MCARTHUR",None,3
610,"NEWSOM RD, VINTON",None,27
611,"NEWSOM RD, VINTON",R,21
612,"NEWSOM RD, VINTON",D,7
613,"HARVEY LN, RADCLIFF",None,3
614,"HARVEY LN, RADCLIFF",R,1
615,"HARVEY LN, RADCLIFF",D,1
616,"BUCKEYE BRANCH RD, VINTON",None,4
617,"BUCKEYE BRANCH RD, VINTON",R,1
618,"NICHOLS RD, LONDONDERRY",D,1
619,"NICHOLS RD, LONDONDERRY",None,22
620,"NICHOLS RD, LONDONDERRY",R,7
621,"MCVEY RD, CREOLA",D,3
622,"MCVEY RD, CREOLA",None,5
623,"SHURTZ RD, NEW PLYMOUTH",R,2
624,"SHURTZ RD, NEW PLYMOUTH",D,1
625,"SHURTZ RD, NEW PLYMOUTH",None,7
626,"PERRY RIDGE RD, RADCLIFF",None,8
627,"PERRY RIDGE RD, RADCLIFF",R,2
628,"PERRY RIDGE RD, RADCLIFF",D,3
629,"FAIRVIEW RD, RAY",None,13
630,"FAIRVIEW RD, RAY",R,13
631,"YOUNG AVE, HAMDEN",None,1
632,"YOUNG AVE, HAMDEN",D,1
633,"JOURDIN RD, ALBANY",None,2
634,"JOURDIN RD, ALBANY",D,7
635,"JOURDIN RD, ALBANY",R,5
636,"RIDDLE RD, SOUTH BLOOMINGVILLE",None,5
637,"RIDDLE RD, SOUTH BLOOMINGVILLE",R,2
638,"DUTCH LN, MCARTHUR",None,6
639,"DUTCH LN, MCARTHUR",D,1
640,"DUTCH LN, MCARTHUR",R,3
641,"MACEDONIA RD, SOUTH BLOOMINGVILLE",D,4
642,"MACEDONIA RD, SOUTH BLOOMINGVILLE",None,13
643,"MACEDONIA RD, SOUTH BLOOMINGVILLE",R,5
644,"JEFFERSON AVE, MCARTHUR",R,6
645,"JEFFERSON AVE, MCARTHUR",None,12
646,"JEFFERSON AVE, MCARTHUR",D,2
647,"WORLEY WEST RD, ALBANY",D,2
648,"WORLEY WEST RD, ALBANY",None,3
649,"WORLEY WEST RD, ALBANY",R,2
650,"HARDEN RD, MCARTHUR",None,8
651,"NORTH RUN RD, RADCLIFF",None,4
652,"S TOWN ST, WILKESVILLE",D,1
653,"S TOWN ST, WILKESVILLE",None,2
654,"S TOWN ST, WILKESVILLE",R,3
655,"W VINE ST, ZALESKI",R,2
656,"W VINE ST, ZALESKI",None,1
657,"CLARK HOLLOW RD, LONDONDERRY",None,2
658,"CLARK HOLLOW RD, LONDONDERRY",R,3
659,"CLARK HOLLOW RD, LONDONDERRY",D,1
660,"LEATHER ST, NEW PLYMOUTH",R,2
661,"LEATHER ST, NEW PLYMOUTH",None,2
662,"LEATHER ST, NEW PLYMOUTH",D,1
663,"STATE FOREST RD, MCARTHUR",D,1
664,"STATE FOREST RD, MCARTHUR",R,3
665,"STATE FOREST RD, MCARTHUR",None,3
666,"VINE ST, ZALESKI",R,2
667,"VINE ST, ZALESKI",None,1
668,"VINE ST, ZALESKI",D,2
669,"FIFTH ST, HAMDEN",D,1
670,"FIFTH ST, HAMDEN",R,1
671,"FIFTH ST, HAMDEN",None,1
672,"N HIGH ST, WILKESVILLE",R,7
673,"N HIGH ST, WILKESVILLE",None,5
674,"LYNN AVE, VINTON",None,6
675,"LYNN AVE, VINTON",D,1
676,"LYNN AVE, VINTON",R,1
677,"SOWERS RD, MCARTHUR",None,10
678,"SOWERS RD, MCARTHUR",D,2
679,"ASHMORE RD, CREOLA",None,3
680,"WILSON AVE, HAMDEN",R,10
681,"WILSON AVE, HAMDEN",None,10
682,"W CHILLICOTHE ST, HAMDEN",None,4
683,"W CHILLICOTHE ST, HAMDEN",R,5
684,"W CHILLICOTHE ST, HAMDEN",D,1
685,"DOGWOOD LN, HAMDEN",R,6
686,"DOGWOOD LN, HAMDEN",None,3
687,"DOGWOOD LN, HAMDEN",D,3
688,"ST RT 93, LOGAN",None,11
689,"S SECOND ST, ZALESKI",D,1
690,"S SECOND ST, ZALESKI",None,6
691,"S SECOND ST, ZALESKI",R,2
692,"CROW RD, NEW MARSHFIELD",None,2
693,"WOOLWEAVER AVE, HAMDEN",None,19
694,"WOOLWEAVER AVE, HAMDEN",D,6
695,"WOOLWEAVER AVE, HAMDEN",R,5
696,"COMMERCIAL SQ, ZALESKI",D,6
697,"COMMERCIAL SQ, ZALESKI",None,4
698,"COMMERCIAL SQ, ZALESKI",R,3
699,"LINDEN LN, ZALESKI",None,2
700,"LINDEN LN, ZALESKI",R,1
701,"LINDEN LN, ZALESKI",D,2
702,"OHMER ST, HAMDEN",R,1
703,"OHMER ST, HAMDEN",None,1
704,"E CHESTNUT ST, ZALESKI",None,4
705,"E CHESTNUT ST, ZALESKI",R,2
706,"MASH HILL RD, MCARTHUR",None,11
707,"MASH HILL RD, MCARTHUR",R,3
708,"MASH HILL RD, MCARTHUR",D,3
709,"HONEYSUCKLE ST, WILKESVILLE",None,1
710,"HONEYSUCKLE ST, WILKESVILLE",R,2
711,"BENSON RD, RAY",None,2
712,"BENSON RD, RAY",D,3
713,"BENSON RD, RAY",R,2
714,"CHERRY RIDGE RD, NEW PLYMOUTH",None,10
715,"CHERRY RIDGE RD, NEW PLYMOUTH",D,2
716,"CHERRY RIDGE RD, NEW PLYMOUTH",R,2
717,"S WALNUT ST, MCARTHUR",R,3
718,"S WALNUT ST, MCARTHUR",None,10
719,"S MILL ST, WILKESVILLE",R,4
720,"S MILL ST, WILKESVILLE",None,6
721,"STONEBURNER RD, RAY",None,8
722,"CENTENARY RD, MCARTHUR",None,11
723,"CENTENARY RD, MCARTHUR",R,2
724,"CENTENARY RD, MCARTHUR",D,5
725,"BROOKS RD, ALBANY",None,4
726,"BROOKS RD, ALBANY",R,2
727,"ST RT 689, ALBANY",R,19
728,"ST RT 689, ALBANY",None,9
729,"ST RT 689, ALBANY",D,1
730,"ST RT 683, HAMDEN",None,6
731,"ST RT 683, HAMDEN",R,8
732,"PATTON RD, HAMDEN",D,2
733,"PATTON RD, HAMDEN",R,5
734,"PATTON RD, HAMDEN",None,5
735,"BARLEON RD, MCARTHUR",None,4
736,"BARLEON RD, MCARTHUR",R,2
737,"ST RT 93 S, HAMDEN",None,7
738,"ST RT 93 S, HAMDEN",R,2
739,"CARR RIDGE RD, HAMDEN",R,6
740,"CARR RIDGE RD, HAMDEN",None,7
741,"BOWEN RD, RADCLIFF",None,3
742,"BOWEN RD, RADCLIFF",R,1
743,"LONG RUN RD, ALBANY",None,22
744,"LONG RUN RD, ALBANY",R,1
745,"LONG RUN RD, ALBANY",D,1
746,"STEIN RD, CREOLA",R,4
747,"PAW PAW RD, MCARTHUR",None,1
748,"PAW PAW RD, MCARTHUR",D,1
749,"MINNIE WHITE RD, NEW PLYMOUTH",None,7
750,"MINNIE WHITE RD, NEW PLYMOUTH",R,2
751,"BUCK LN, NEW MARSHFIELD",D,1
752,"BUCK LN, NEW MARSHFIELD",None,2
753,"KARNS AVE, CREOLA",None,1
754,"KARNS AVE, CREOLA",R,1
755,"N MILL ST, WILKESVILLE",None,10
756,"N MILL ST, WILKESVILLE",R,2
757,"VINE ST, NEW PLYMOUTH",None,6
758,"VINE ST, NEW PLYMOUTH",R,2
759,"BENNER RD, HAMDEN",None,9
760,"BENNER RD, HAMDEN",R,3
761,"MAIN ST, WILKESVILLE",None,11
762,"MAIN ST, WILKESVILLE",R,3
763,"ZINN LN, RADCLIFF",None,3
764,"ZINN LN, RADCLIFF",R,2
765,"W RAILROAD ST, HAMDEN",None,2
766,"DICKEY RD, RAY",R,7
767,"DICKEY RD, RAY",None,11
768,"SCOTT RD, CREOLA",None,7
769,"SCOTT RD, CREOLA",D,1
770,"CAMP RD, RADCLIFF",None,4
771,"CAMP RD, RADCLIFF",D,2
772,"CHURCH ST, WILKESVILLE",None,5
773,"CHURCH ST, WILKESVILLE",R,2
774,"FLAT RUN RD, MCARTHUR",None,4
775,"FLAT RUN RD, MCARTHUR",R,2
776,"S BROADWAY ST, ZALESKI",None,12
777,"S BROADWAY ST, ZALESKI",R,4
778,"S BROADWAY ST, ZALESKI",D,3
779,"THREE RIVERS DR, MCARTHUR",None,2
780,"CONREN DR, MCARTHUR",None,9
781,"CONREN DR, MCARTHUR",R,3
782,"STONE QUARRY RD, MCARTHUR",None,2
783,"CLAYPOOL HOLLOW RD, MCARTHUR",None,16
784,"CLAYPOOL HOLLOW RD, MCARTHUR",R,6
785,"COVERED BRIDGE RD, VINTON",None,6
786,"COVERED BRIDGE RD, VINTON",R,2
787,"W LINDEN ST, HAMDEN",None,4
788,"MOUND ST, WILKESVILLE",None,3
789,"MOUND ST, WILKESVILLE",D,1
790,"WILBUR RD, MCARTHUR",None,3
791,"WILBUR RD, MCARTHUR",R,1
792,"CLAYLICK RD, LOGAN",None,3
793,"CLAYLICK RD, LOGAN",R,3
794,"HAYNES HOLLOW RD, LONDONDERRY",None,3
795,"HAYNES HOLLOW RD, LONDONDERRY",R,2
796,"WHITE ST, WILKESVILLE",R,3
797,"MEMORY LN, LONDONDERRY",R,1
798,"MEMORY LN, LONDONDERRY",None,2
799,"BETHEL RD, CREOLA",None,5
800,"RADCLIFF RD, RADCLIFF",None,24
801,"RADCLIFF RD, RADCLIFF",R,1
802,"RADCLIFF RD, RADCLIFF",D,2
803,"MELVIN RD, SOUTH BLOOMINGVILLE",None,4
804,"MELVIN RD, SOUTH BLOOMINGVILLE",R,1
805,"ROLLER COASTER RD, HAMDEN",None,6
806,"CEDAR ST, ZALESKI",D,1
807,"CEDAR ST, ZALESKI",R,1
808,"WALDRON RD, RAY",None,8
809,"WALDRON RD, RAY",D,2
810,"WALDRON RD, RAY",R,2
811,"CATHERINE DR, MCARTHUR",None,9
812,"CATHERINE DR, MCARTHUR",D,2
813,"COX RD, VINTON",R,3
814,"EARL AVE, HAMDEN",None,7
815,"EARL AVE, HAMDEN",R,3
816,"EARL AVE, HAMDEN",D,1
817,"OUTLOT ST, MCARTHUR",None,11
818,"OUTLOT ST, MCARTHUR",D,1
819,"BARNES RD, WILKESVILLE",None,5
820,"BARNES RD, WILKESVILLE",R,1
821,"BEECHGROVE RD, SOUTH BLOOMINGVILLE",None,4
822,"BEECHGROVE RD, SOUTH BLOOMINGVILLE",R,3
823,"WALNUT GROVE RD, MCARTHUR",None,4
824,"WALNUT GROVE RD, MCARTHUR",R,1
825,"MACE RD, MCARTHUR",None,4
826,"MACE RD, MCARTHUR",R,1
827,"ELLIS HOLLOW RD, ALBANY",None,4
828,"KINCAID RD, VINTON",None,2
829,"MONAHAN AVE, HAMDEN",R,5
830,"MONAHAN AVE, HAMDEN",None,7
831,"MONAHAN AVE, HAMDEN",D,1
832,"ALBRIGHT RD, LONDONDERRY",None,8
833,"ALBRIGHT RD, LONDONDERRY",R,3
834,"SHILOH RD, MCARTHUR",None,3
835,"SHILOH RD, MCARTHUR",D,1
836,"SHILOH RD, MCARTHUR",R,2
837,"ROCKY STEEP RD, RADCLIFF",None,7
838,"ST RT 93, NEW PLYMOUTH",D,2
839,"ST RT 93, NEW PLYMOUTH",None,4
840,"ST RT 93, NEW PLYMOUTH",R,3
841,"STANEART HOLLOW RD, ALBANY",None,1
842,"ANGELA DR, VINTON",None,7
843,"ANGELA DR, VINTON",R,1
844,"ANGELA DR, VINTON",D,2
845,"BOWEN RD, ALBANY",None,4
846,"MITCHELL HOLLOW RD, NEW PLYMOUTH",R,3
847,"MITCHELL HOLLOW RD, NEW PLYMOUTH",None,1
848,"EAKIN MILL RD, RADCLIFF",None,4
849,"EAKIN MILL RD, RADCLIFF",R,2
850,"GORRELL RD, HAMDEN",None,8
851,"GORRELL RD, HAMDEN",R,6
852,"GORRELL RD, HAMDEN",D,3
853,"BUTTERMILK RD, RAY",None,7
854,"BUTTERMILK RD, RAY",R,5
855,"BUTTERMILK RD, RAY",D,1
856,"JOHN ST, HAMDEN",None,6
857,"WOLTZ RD, RAY",None,1
858,"WOLTZ RD, RAY",R,2
859,"FARLEY DR, VINTON",None,6
860,"FARLEY DR, VINTON",R,1
861,"RING RD, VINTON",None,5
862,"CARPENTER DR, MCARTHUR",None,3
863,"CARPENTER DR, MCARTHUR",D,2
864,"OXLEY RD, WILKESVILLE",None,1
865,"INDUSTRIAL PARK DR, MCARTHUR",None,2
866,"RAILROAD ST, HAMDEN",None,4
867,"RAILROAD ST, HAMDEN",R,4
868,"BANCROFT RD, MCARTHUR",None,5
869,"LAKE RD, MCARTHUR",None,6
870,"LAKE RD, MCARTHUR",R,4
871,"WITHROW RD, MCARTHUR",None,1
872,"WITHROW RD, MCARTHUR",D,1
873,"WITHROW RD, MCARTHUR",R,1
874,"BRAY RD, MCARTHUR",None,1
875,"REYNOLDS RD, MCARTHUR",R,1
876,"REYNOLDS RD, MCARTHUR",D,1
877,"MACE CEMETERY RD, RADCLIFF",R,2
878,"MACE CEMETERY RD, RADCLIFF",None,3
879,"ROSEMONT, MCARTHUR",R,2
880,"ROSEMONT, MCARTHUR",None,1
881,"UNION RIDGE RD, MCARTHUR",None,2
882,"UNION RIDGE RD, MCARTHUR",D,5
883,"DUNKLE CREEK RD, MCARTHUR",R,1
884,"BAIRD LN, RADCLIFF",D,1
885,"BAIRD LN, RADCLIFF",None,1
886,"BAIRD LN, RADCLIFF",R,1
887,"ST RT 356, ALBANY",R,2
888,"ST RT 356, ALBANY",None,4
889,"ST RT 356, ALBANY",D,1
890,"MOUND HILL RD, RADCLIFF",None,3
891,"MOUND HILL RD, RADCLIFF",R,4
892,"1/2 E NORTH ST, MCARTHUR",None,2
893,"WILCOX AVE, HAMDEN",R,1
894,"RONDARAINE LN, MCARTHUR",None,2
895,"RONDARAINE LN, MCARTHUR",R,5
896,"RONDARAINE LN, MCARTHUR",D,1
897,"1/2 W HIGH ST, MCARTHUR",None,1
898,"1/2 W HIGH ST, MCARTHUR",R,1
899,"POLAND RD, MCARTHUR",None,1
900,"COX HILL RD, HAMDEN",None,1
901,"COX HILL RD, HAMDEN",R,5
902,"CORBIN HOLLOW RD, MCARTHUR",R,1
903,"CORBIN HOLLOW RD, MCARTHUR",None,1
904,"ARBAUGH RD, RADCLIFF",None,2
905,"ARBAUGH RD, RADCLIFF",R,1
906,"EGGLESTON RD, MCARTHUR",R,5
907,"EGGLESTON RD, MCARTHUR",None,1
908,"E CHILLICOTHE ST, HAMDEN",None,3
909,"ST RT 124 (WILKSVILLE CORP), WILKESVILLE",R,1
910,"ST RT 124 (WILKSVILLE CORP), WILKESVILLE",None,7
911,"ST RT 124, VINTON",D,4
912,"ST RT 124, VINTON",None,51
913,"ST RT 124, VINTON",R,8
914,"VALES MILLS RD, ALBANY",None,1
915,"E MILL ST, ZALESKI",None,2
916,"1/2 AUTA AVE, HAMDEN",None,1
917,"WOLFE AVE, MCARTHUR",None,1
918,"WOLFE AVE, MCARTHUR",R,2
919,"NARROWS RD, SOUTH BLOOMINGVILLE",None,5
920,"NARROWS RD, SOUTH BLOOMINGVILLE",R,2
921,"NARROWS RD, SOUTH BLOOMINGVILLE",D,1
922,"KING RD, MCARTHUR",R,7
923,"KING RD, MCARTHUR",None,3
924,"KING RD, MCARTHUR",D,1
925,"COAL HOLLOW RD, ALBANY",None,2
926,"COAL HOLLOW RD, ALBANY",D,2
927,"MCKEEVER AVE, MCARTHUR",R,2
928,"MCKEEVER AVE, MCARTHUR",None,1
929,"LARGENT RD, NEW PLYMOUTH",R,1
930,"LARGENT RD, NEW PLYMOUTH",None,3
931,"FAIR AVE, MCARTHUR",None,3
932,"FAIR AVE, MCARTHUR",D,4
933,"FAIR AVE, MCARTHUR",R,3
934,"HOUGHLAND HOLLOW RD, MCARTHUR",R,1
935,"HOUGHLAND HOLLOW RD, MCARTHUR",None,2
936,"STANLEY RD, NEW MARSHFIELD",R,6
937,"STANLEY RD, NEW MARSHFIELD",D,5
938,"STANLEY RD, NEW MARSHFIELD",None,4
939,"BUSKIRK RD, HAMDEN",R,1
940,"BUSKIRK RD, HAMDEN",None,1
941,"DAIRY LN, WILKESVILLE",None,1
942,"SHOT KETTLE RD, ALBANY",None,1
943,"ALLISON RD, MCARTHUR",None,4
944,"DEXTER RD, RADCLIFF",None,1
945,"HARTWELL RD, HAMDEN",None,3
946,"TOWER RIDGE RD, WELLSTON",R,2
947,"TINGLEY RD, NEW PLYMOUTH",D,2
948,"TINGLEY RD, NEW PLYMOUTH",R,1
949,"TINGLEY RD, NEW PLYMOUTH",None,1
950,"WEST JUNCTION RD, RAY",R,8
951,"WEST JUNCTION RD, RAY",D,1
952,"WEST JUNCTION RD, RAY",None,3
953,"SECOND ST, ZALESKI",R,1
954,"OAK ST, ZALESKI",None,1
955,"HARRY SHORT RD, MCARTHUR",None,1
956,"HARRY SHORT RD, MCARTHUR",D,2
957,"MITCHELL RD, ALBANY",None,3
958,"DOLES RD, RAY",None,4
959,"RUTLAND ST, WILKESVILLE",D,1
960,"ST RT 93, MCARTHUR",None,5
961,"ST RT 93, MCARTHUR",R,1
962,"ST RT 93, MCARTHUR",D,1
963,"LINCOLN HOLLOW RD, RADCLIFF",None,2
964,"LINCOLN HOLLOW RD, RADCLIFF",R,3
965,"NORTH BRANCH RD, SOUTH BLOOMINGVILLE",None,2
966,"NORTH BRANCH RD, SOUTH BLOOMINGVILLE",R,3
967,"W ELM ST, HAMDEN",None,1
968,"W ELM ST, HAMDEN",R,1
969,"WOLFE AVE, CREOLA",R,4
970,"PAMELA DR, HAMDEN",None,1
971,"CEMETERY RD, SOUTH BLOOMINGVILLE",None,1
972,"BUNKER HILL RD, ALBANY",None,3
973,"ST RT 689, RADCLIFF",None,2
974,"ST RT 689, RADCLIFF",R,1
975,"SMART RD, ALBANY",R,2
976,"DYE RD, RADCLIFF",R,2
977,"WITT CABIN RD, NEW PLYMOUTH",D,1
978,"WITT CABIN RD, NEW PLYMOUTH",R,2
979,"GAMBILL HOLLOW RD, ALBANY",None,3
980,"VALES MILLS RD, RADCLIFF",None,7
981,"WILLOW WAY, ZALESKI",None,2
982,"MILLS RD, SOUTH BLOOMINGVILLE",R,2
983,"MILLS RD, SOUTH BLOOMINGVILLE",None,1
984,"COMMERCIAL ST, HAMDEN",None,2
985,"GIBSON HOLLOW RD, LONDONDERRY",None,4
986,"GIBSON HOLLOW RD, LONDONDERRY",D,1
987,"GIBSON HOLLOW RD, LONDONDERRY",R,2
988,"BETHEL RD, MCARTHUR",None,1
989,"CHESTNUT GROVE RD, SOUTH BLOOMINGVILLE",R,2
990,"MCVEY RD, ALBANY",None,1
991,"MCVEY RD, ALBANY",D,1
992,"W MILL ST, ZALESKI",D,1
993,"W MILL ST, ZALESKI",None,2
994,"ATKINSON RIDGE RD, ZALESKI",None,1
995,"ATKINSON RIDGE RD, ZALESKI",D,2
996,"GOOD HOLLOW RD, RAY",None,1
997,"GOOD HOLLOW RD, RAY",R,2
998,"GOOD HOLLOW RD, RAY",D,1
999,"KRANNER RD, NEW PLYMOUTH",D,3
1000,"AMERINE RD, SOUTH BLOOMINGVILLE",R,1
1001,"REED LN, VINTON",D,1
1002,"REED LN, VINTON",None,2
1003,"1/2 W MILL ST, MCARTHUR",R,1
1004,"SCHOOLIE RD, CREOLA",R,2
1005,"WYCKOFF RD, MCARTHUR",R,1
1006,"WYCKOFF RD, MCARTHUR",None,1
1007,"MCGLAUGHLIN RD, ZALESKI",None,1
1008,"FOURTH ST, HAMDEN",None,1
1009,"MCMANIS AVE, CREOLA",R,1
1010,"MCMILLIN RD, VINTON",None,2
1011,"WOODRUFF RD, RAY",R,1
1012,"SUPER KIDS LN, ZALESKI",D,1
1013,"SNOWDRIFT RD, MCARTHUR",None,1
1014,"GOOSECREEK RD, SOUTH BLOOMINGVILLE",R,1
1015,"SHORT ST, NEW PLYMOUTH",R,1
1016,"RATCLIFF HOLLOW RD, MCARTHUR",R,2
1017,"RATCLIFF HOLLOW RD, MCARTHUR",None,1
1018,"CASSILL ST, HAMDEN",R,1
1019,"FARIS RD, MCARTHUR",None,1
1020,"BOWEN CEMETERY RD, ALBANY",R,2
1021,"MASH HILL RD, CREOLA",None,2
